gene_sample_name,AAA,AAC,AAG,AAT,ACA,ACC,ACG,ACT,AGA,AGC,AGG,AGT,ATA,ATC,ATG,ATT,CAA,CAC,CAG,CAT,CCA,CCC,CCG,CCT,CGA,CGC,CGG,CGT,CTA,CTC,CTG,CTT,GAA,GAC,GAG,GAT,GCA,GCC,GCG,GCT,GGA,GGC,GGG,GGT,GTA,GTC,GTG,GTT,TAA,TAC,TAT,TCA,TCC,TCG,TCT,TGA,TGC,TGG,TGT,TTA,TTC,TTG,TTT
ORF1a_MT121216.1,166,79,101,160,149,39,12,151,56,12,18,67,69,36,110,102,93,24,57,51,61,5,3,94,9,14,1,32,42,42,34,125,169,74,72,134,95,38,6,173,43,38,8,175,91,53,46,189,1,77,123,75,17,7,110,0,29,46,109,110,64,75,138
S_MT121216.1,41,42,17,48,46,11,6,36,24,7,5,19,22,14,15,44,42,5,16,9,24,2,2,26,2,1,0,8,13,15,1,33,34,25,14,35,28,13,0,41,20,18,3,40,11,15,11,58,1,23,37,30,7,1,36,0,13,12,27,25,21,16,55
ORF3a_MT121216.1,8,3,3,6,8,1,3,13,2,4,2,2,7,4,4,9,7,3,1,6,4,2,2,4,0,1,0,1,0,3,5,11,9,5,2,8,3,3,0,8,4,3,0,7,7,2,2,13,1,9,8,6,4,0,4,0,3,6,4,4,7,8,7
E_MT121216.1,2,1,0,4,2,0,1,1,1,1,0,1,1,1,1,1,0,0,0,0,0,0,0,2,1,0,0,1,2,0,2,7,1,0,1,1,0,1,2,1,0,0,0,1,2,2,3,6,1,4,0,1,0,1,4,0,2,0,1,1,3,2,2
M_MT121216.1,4,6,3,5,6,2,2,3,2,2,4,4,3,4,4,13,2,2,2,3,2,0,2,1,4,2,0,2,4,3,3,14,4,6,2,1,3,3,1,11,6,2,0,7,5,0,3,4,1,7,2,4,3,1,1,0,1,7,3,4,5,7,6
ORF6_MT121216.1,3,0,1,3,0,0,0,3,1,0,0,1,4,1,3,5,1,0,2,1,2,0,0,0,0,0,0,0,1,2,0,1,2,2,3,2,1,0,0,0,0,0,0,0,0,0,0,3,1,1,1,0,1,0,2,0,0,1,0,4,0,0,3
ORF7a_MT121216.1,5,2,2,0,6,0,0,3,3,1,0,0,5,2,1,3,4,1,1,2,1,0,0,5,1,0,0,1,2,2,2,6,5,1,3,1,4,0,2,4,1,1,0,2,1,0,1,5,0,2,3,3,0,0,2,1,3,0,3,1,3,2,7
ORF8_MT121216.1,2,0,1,2,3,0,1,1,2,0,0,2,1,3,1,3,2,1,3,3,0,2,0,4,1,0,0,2,0,1,0,2,2,2,2,4,2,0,0,2,2,1,0,1,5,0,0,6,1,2,3,3,1,1,1,0,1,1,5,6,3,0,6
N_MT121216.1,21,8,9,15,10,7,2,12,9,7,3,8,1,4,7,9,31,2,5,1,10,6,3,11,6,5,0,7,2,2,3,8,9,8,4,15,10,4,1,22,13,15,3,12,1,3,2,2,1,10,1,6,4,2,8,0,0,5,0,3,8,9,5
ORF8_DQ022305,3,0,0,3,0,0,0,1,3,1,0,1,4,3,2,5,4,1,1,4,6,1,0,0,1,1,0,2,3,3,0,1,5,4,4,3,1,0,0,2,3,1,0,2,2,0,1,6,1,6,3,2,1,2,1,0,3,1,6,1,2,1,4
ORF8_GQ153548,3,0,0,3,0,0,0,1,3,1,0,1,4,3,2,5,4,1,1,4,6,1,0,0,1,1,0,2,3,3,0,1,5,4,4,3,1,0,0,2,3,1,0,2,2,0,1,6,1,6,3,2,1,2,1,0,3,1,6,1,2,1,4
ORF8_GQ153546,3,0,0,3,0,0,0,1,3,1,0,1,4,3,2,5,4,1,1,4,6,1,0,0,1,1,0,2,3,3,0,1,5,4,4,3,1,0,0,2,3,1,0,2,2,0,1,6,1,6,3,2,1,2,1,0,3,1,6,1,2,1,4
ORF8_GQ153545,3,0,0,3,0,0,0,1,3,1,0,1,4,3,2,5,4,1,1,4,6,1,0,0,1,1,0,2,3,3,0,1,5,4,4,3,1,0,0,2,3,1,0,2,2,0,1,6,1,6,3,2,1,2,1,0,3,1,6,1,2,1,4
ORF8_GQ153544,3,0,0,3,0,0,0,1,3,1,0,1,4,3,2,5,4,1,1,4,6,1,0,0,1,1,0,2,3,3,0,1,5,4,4,3,1,0,0,2,3,1,0,2,2,0,1,6,1,6,3,2,1,2,1,0,3,1,6,1,2,1,4
ORF8_GQ153540,3,0,0,3,0,0,0,1,3,1,0,1,4,3,2,5,4,1,1,4,6,1,0,0,1,1,0,2,3,3,0,1,5,4,4,3,1,0,0,2,3,1,0,2,2,0,1,6,1,6,3,2,1,2,1,0,3,1,6,1,2,1,4
ORF8_DQ084200,3,0,0,3,0,0,0,1,3,1,0,1,4,3,2,5,4,1,1,4,6,1,0,0,1,1,0,2,3,3,0,1,5,4,4,3,1,0,0,2,3,1,0,2,2,0,1,6,1,6,3,2,1,2,1,0,3,1,6,1,2,1,4
ORF8_DQ084199,3,0,0,3,0,0,0,1,3,1,0,1,4,3,2,5,4,1,1,4,6,1,0,0,1,1,0,2,3,3,0,1,5,4,4,3,1,0,0,2,3,1,0,2,2,0,1,6,1,6,3,2,1,2,1,0,3,1,6,1,2,1,4
ORF8_GQ153547,3,0,0,3,0,0,0,1,3,1,0,1,4,3,2,5,4,1,1,4,6,1,0,0,1,1,0,2,3,3,0,1,5,4,4,3,1,0,0,2,3,1,0,2,3,0,1,5,1,6,3,2,1,2,1,0,3,1,6,1,2,1,4
ORF8_GQ153541,3,1,0,3,0,0,0,1,3,1,0,1,4,2,2,5,4,1,1,4,6,1,0,0,1,1,0,2,3,3,0,1,5,4,4,3,1,0,0,2,3,1,0,2,2,0,1,6,1,6,3,2,1,2,1,0,3,1,6,1,2,1,4
ORF8_GQ153539,3,1,0,3,0,0,0,1,3,1,0,1,4,2,2,5,4,1,1,4,6,1,0,0,1,1,0,2,3,3,0,1,5,4,4,3,1,0,0,2,3,1,0,2,2,0,1,6,1,6,3,2,1,2,1,0,3,1,6,1,2,1,4
ORF8_GQ153542,4,0,0,3,1,0,0,1,2,1,0,1,4,4,2,5,4,0,1,4,6,1,0,0,1,1,0,2,3,3,0,1,5,4,4,3,0,0,1,1,3,1,0,2,1,0,2,6,1,6,4,3,0,1,2,0,2,1,7,2,1,0,4
ORF8_DQ648857,4,1,1,2,1,0,0,1,2,1,0,1,4,2,2,7,5,0,0,5,4,2,1,0,0,2,0,1,2,2,0,3,5,4,4,3,1,0,0,1,3,2,0,1,3,0,2,4,1,5,4,2,0,2,2,0,4,1,5,1,1,1,4
ORF8_DQ412043,4,1,1,2,1,0,0,1,2,1,0,1,4,2,2,7,5,0,0,5,4,2,1,0,0,2,0,1,2,2,0,3,5,4,4,3,1,0,0,1,3,2,0,1,3,0,2,4,1,5,4,2,0,2,2,0,4,1,5,1,1,1,4
ORF8_DQ071615,3,1,2,2,1,1,0,0,2,1,0,1,4,2,2,6,6,0,0,5,5,1,0,1,0,1,0,2,2,3,1,2,4,5,4,2,1,0,0,1,3,1,0,2,3,1,1,5,1,5,4,1,1,2,2,0,3,1,6,1,1,0,4
ORF8_JX993987,3,1,2,2,0,0,0,2,1,1,1,1,4,3,2,6,5,0,0,5,5,1,0,1,0,1,0,2,2,2,0,3,5,4,4,3,1,1,0,1,2,3,0,1,3,0,2,4,1,5,5,2,0,2,1,0,5,1,4,1,1,1,3
ORF8_KJ473814,3,1,1,1,1,0,0,0,3,1,0,1,5,0,3,8,6,2,0,4,5,1,1,0,0,1,1,1,1,2,0,3,5,3,5,3,0,1,0,2,3,2,0,1,3,0,1,4,1,4,5,2,1,1,2,0,3,2,4,2,1,2,3
ORF8_MK211377,3,0,1,4,1,0,0,1,1,0,0,2,4,2,4,3,5,1,0,4,7,0,0,1,0,2,0,2,2,3,0,4,8,4,1,2,0,0,1,1,4,1,0,1,3,0,1,7,1,1,7,3,0,1,1,0,2,1,7,2,2,0,3
ORF8_KY417149,3,1,1,3,1,0,0,1,1,0,0,2,5,1,4,4,5,0,0,5,7,0,0,1,0,2,0,2,2,3,0,4,8,4,1,2,0,0,0,2,4,1,0,1,2,0,1,7,1,0,8,3,0,1,1,0,2,1,7,2,2,0,3
ORF8_KY417142,3,1,1,3,1,0,0,1,1,0,0,2,5,1,4,4,5,0,0,5,7,0,0,1,0,2,0,2,2,3,0,4,8,4,1,2,0,0,0,2,4,1,0,1,2,0,1,7,1,0,8,3,0,1,1,0,2,1,7,2,2,0,3
ORF8_KY417151,3,1,1,3,1,0,0,1,1,0,0,2,4,3,4,2,5,1,0,4,6,0,0,1,0,2,0,2,2,3,0,4,8,4,1,2,0,0,1,1,4,1,0,1,3,0,1,7,1,1,7,4,0,1,1,0,2,1,7,2,2,0,3
ORF8_KY417143,3,1,1,3,1,0,0,1,1,0,0,2,5,1,4,4,5,2,0,3,7,0,0,1,0,2,0,2,2,3,0,4,8,4,1,2,0,0,0,2,4,1,0,1,2,0,1,7,1,0,8,3,0,1,1,0,2,1,7,2,2,0,3
ORF8_KC881005,3,1,1,3,1,0,0,1,1,0,0,2,5,1,4,4,5,2,0,3,7,0,0,1,0,2,0,2,2,3,0,4,8,4,1,2,0,0,0,2,4,1,0,1,2,0,1,7,1,0,8,3,0,1,1,0,2,1,7,2,2,0,3
ORF8_MK211378,3,1,1,3,1,0,0,1,1,0,0,2,4,1,4,4,5,1,0,4,7,0,0,2,0,2,0,2,2,3,0,3,8,4,1,2,0,0,0,2,4,1,0,1,3,0,1,7,1,1,7,3,0,1,1,0,2,1,7,2,2,0,3
ORF8_MK211376,3,1,1,3,0,0,0,2,1,0,0,2,4,1,4,4,5,1,0,4,7,0,0,1,0,1,0,3,2,3,0,4,8,4,1,2,0,0,0,2,4,1,0,1,3,0,1,7,1,3,5,3,0,1,1,0,2,1,7,2,2,0,3
ORF8_KY417152,3,1,1,3,1,0,0,1,1,0,0,2,4,1,3,4,5,1,0,3,7,0,0,2,0,3,0,2,2,3,0,3,8,4,1,2,0,0,0,2,4,1,0,1,3,0,2,7,1,0,8,3,0,1,1,0,2,1,7,2,2,0,3
ORF8_KY417147,3,1,1,3,0,0,0,2,1,0,0,2,4,1,4,4,5,1,0,4,7,0,0,1,0,1,0,3,2,3,0,4,8,4,1,2,0,0,0,2,4,1,0,1,3,0,1,7,1,3,5,3,0,1,1,0,2,1,7,2,2,0,3
ORF8_KF367457,3,1,1,3,0,0,0,2,1,0,0,2,4,1,4,4,5,1,0,4,7,0,0,1,0,1,0,3,2,3,0,4,8,4,1,2,0,0,0,2,4,1,0,1,3,0,1,7,1,3,5,3,0,1,1,0,2,1,7,2,2,0,3
ORF8_KC881006,3,1,1,3,0,0,0,2,1,0,0,2,4,1,4,4,5,1,0,4,7,0,0,1,0,1,0,3,2,3,0,4,8,4,1,2,0,0,0,2,4,1,0,1,3,0,1,7,1,3,5,3,0,1,1,0,2,1,7,2,2,0,3
ORF8_KT444582,3,1,1,3,1,0,0,1,1,0,0,2,4,1,4,4,5,2,0,3,7,0,0,2,0,2,0,2,2,3,0,3,8,4,1,2,0,0,0,2,4,1,0,1,3,0,1,7,1,0,8,3,0,1,1,0,2,1,7,2,2,0,3
ORF8_KY417150,3,1,1,3,1,0,0,1,1,0,0,2,4,1,4,4,5,2,0,3,7,0,0,2,0,2,0,2,2,3,0,3,8,4,1,2,0,0,0,2,4,1,0,1,3,0,1,7,1,0,8,3,0,1,1,0,2,1,7,2,2,0,3
ORF8_KY417146,3,1,1,3,1,0,0,1,1,0,0,2,4,1,4,4,5,2,0,3,7,0,0,2,0,2,0,2,2,3,0,3,8,4,1,2,0,0,0,2,4,1,0,1,3,0,1,7,1,0,8,3,0,1,1,0,2,1,7,2,2,0,3
ORF8_KY417148,3,1,1,3,1,0,0,1,1,0,0,2,4,1,4,4,5,2,0,3,7,0,0,2,0,2,0,2,2,3,0,3,8,4,0,3,0,0,0,2,4,1,0,1,3,0,1,7,1,0,8,3,0,1,1,0,2,1,7,2,2,0,3
ORF8_FJ588686,3,2,1,2,1,0,0,1,1,0,0,2,4,1,4,4,5,2,0,3,7,0,0,1,0,1,0,3,2,3,0,3,8,3,1,3,0,0,0,2,4,1,0,1,3,0,0,7,1,1,7,2,0,2,1,0,2,1,7,3,2,0,4
ORF8_MK211375,3,1,1,3,1,0,0,1,1,0,0,2,3,2,3,3,5,2,0,3,7,0,0,1,0,1,0,3,2,2,0,4,8,5,1,2,0,0,0,2,4,0,0,1,3,0,0,8,1,1,7,3,0,1,1,0,3,1,6,3,2,1,4
ORF8_MK211374,4,2,1,2,2,0,0,1,0,0,0,2,2,3,3,6,5,0,0,7,7,0,0,0,0,1,0,2,2,4,0,3,6,5,2,2,0,0,0,1,2,1,2,1,3,0,0,7,1,1,7,3,0,1,1,0,2,1,7,0,2,2,3
ORF8_KF569996,3,2,3,2,2,1,0,1,2,0,0,1,3,2,2,6,3,2,2,1,4,2,1,1,0,1,0,2,4,2,0,4,5,3,4,3,0,1,0,1,2,3,0,2,1,0,2,5,1,3,8,0,0,3,0,0,2,1,6,3,2,0,2
ORF8_JX993988,2,2,4,2,2,1,0,1,2,0,0,1,3,2,2,6,3,2,2,1,4,2,1,1,0,1,0,2,4,2,0,4,5,3,4,3,0,1,0,1,2,3,0,2,1,0,2,5,1,3,8,0,0,3,0,0,2,1,6,3,2,0,2
ORF8_MN996532,5,0,0,2,4,0,0,1,2,0,0,2,0,4,1,5,3,3,3,1,1,1,1,4,0,0,0,2,0,1,0,3,3,3,3,4,2,0,0,2,2,1,0,2,4,0,2,7,1,2,5,4,1,1,2,0,2,1,5,5,4,2,3
ORF8_WUHANREF,5,0,0,2,3,0,0,2,2,0,0,2,0,5,1,5,3,2,3,2,1,1,1,4,0,0,0,2,0,0,0,2,4,3,2,4,2,0,0,3,2,0,0,3,4,0,2,6,1,1,6,3,1,1,2,0,2,1,5,6,4,2,4
ORF8_MT084071.1,3,0,1,2,3,0,1,1,2,0,0,2,2,3,1,4,2,1,4,3,0,3,0,4,1,0,0,2,0,1,1,2,3,2,3,5,2,0,0,2,2,1,0,2,5,0,1,6,1,3,3,4,1,1,2,0,2,1,5,6,3,0,6
ORF8_MG772934,3,0,1,2,4,0,0,0,2,0,0,2,0,2,1,8,3,1,3,3,1,2,0,4,1,0,1,1,1,1,0,2,4,5,2,2,2,0,0,3,2,1,0,2,5,1,1,5,1,4,4,4,1,1,2,0,1,1,6,4,4,2,3
ORF8_MG772933,3,0,1,2,4,0,0,0,2,0,0,2,0,2,1,8,2,1,4,3,1,2,0,4,1,0,1,1,1,1,0,2,4,4,2,3,2,0,0,3,2,1,0,2,5,1,1,5,1,4,4,4,1,1,2,0,1,1,6,4,4,2,3
ORF8_MT072864,6,2,0,1,4,0,0,2,1,0,1,2,3,2,1,5,2,1,2,3,2,0,1,4,0,0,0,2,1,2,0,2,5,3,0,5,1,0,0,1,1,1,0,3,4,1,0,8,1,4,3,4,0,2,2,0,1,1,6,4,5,1,3
ORF8_MT040336,6,2,0,1,4,0,0,2,1,0,1,2,3,2,1,5,2,1,2,3,2,0,1,4,0,0,0,2,1,2,0,2,5,3,0,5,1,0,0,1,1,1,0,3,4,1,0,8,1,4,3,4,0,2,2,0,1,1,6,4,5,1,3
ORF8_MT040335,6,2,0,1,4,0,0,2,1,0,1,2,3,2,1,5,2,1,2,3,2,0,1,4,0,0,0,2,1,2,0,2,5,3,0,5,1,0,0,1,1,1,0,3,4,1,0,8,1,4,3,4,0,2,2,0,1,1,6,4,5,1,3
ORF8_MT040333,6,2,0,1,4,0,0,2,1,0,1,2,3,2,1,5,2,1,2,3,2,0,1,4,0,0,0,2,1,2,0,2,5,3,0,5,1,0,0,1,1,1,0,3,4,1,0,8,1,4,3,4,0,2,2,0,1,1,6,4,5,1,3
ORF6_DQ022305,1,1,3,1,1,0,0,2,1,0,1,1,5,1,3,3,1,0,1,1,1,0,0,2,0,0,0,0,3,0,0,1,2,2,3,3,1,1,0,0,0,0,0,0,0,0,1,3,1,0,2,2,0,0,0,0,0,1,0,3,2,1,2
ORF6_GQ153548,1,1,3,1,1,0,0,2,1,0,1,1,5,1,3,3,1,0,1,1,1,0,0,2,0,0,0,0,3,0,0,1,2,2,3,3,1,1,0,0,0,0,0,0,0,0,1,3,1,0,2,2,0,0,0,0,0,1,0,3,2,1,2
ORF6_GQ153547,1,1,3,1,1,0,0,2,1,0,1,1,5,1,3,3,1,0,1,1,1,0,0,2,0,0,0,0,3,0,0,1,2,2,3,3,1,1,0,0,0,0,0,0,0,0,1,3,1,0,2,2,0,0,0,0,0,1,0,3,2,1,2
ORF6_GQ153546,1,1,3,1,1,0,0,2,1,0,1,1,5,1,3,3,1,0,1,1,1,0,0,2,0,0,0,0,3,0,0,1,2,2,3,3,1,1,0,0,0,0,0,0,0,0,1,3,1,0,2,2,0,0,0,0,0,1,0,3,2,1,2
ORF6_GQ153545,1,1,3,1,1,0,0,2,1,0,1,1,5,1,3,3,1,0,1,1,1,0,0,2,0,0,0,0,3,0,0,1,2,2,3,3,1,1,0,0,0,0,0,0,0,0,1,3,1,0,2,2,0,0,0,0,0,1,0,3,2,1,2
ORF6_GQ153544,1,1,3,1,1,0,0,2,1,0,1,1,5,1,3,3,1,0,1,1,1,0,0,2,0,0,0,0,3,0,0,1,2,2,3,3,1,1,0,0,0,0,0,0,0,0,1,3,1,0,2,2,0,0,0,0,0,1,0,3,2,1,2
ORF6_GQ153541,1,1,3,1,1,0,0,2,1,0,1,1,5,1,3,3,1,0,1,1,1,0,0,2,0,0,0,0,3,0,0,1,2,2,3,3,1,1,0,0,0,0,0,0,0,0,1,3,1,0,2,2,0,0,0,0,0,1,0,3,2,1,2
ORF6_GQ153540,1,1,3,1,1,0,0,2,1,0,1,1,5,1,3,3,1,0,1,1,1,0,0,2,0,0,0,0,3,0,0,1,2,2,3,3,1,1,0,0,0,0,0,0,0,0,1,3,1,0,2,2,0,0,0,0,0,1,0,3,2,1,2
ORF6_GQ153539,1,1,3,1,1,0,0,2,1,0,1,1,5,1,3,3,1,0,1,1,1,0,0,2,0,0,0,0,3,0,0,1,2,2,3,3,1,1,0,0,0,0,0,0,0,0,1,3,1,0,2,2,0,0,0,0,0,1,0,3,2,1,2
ORF6_DQ084200,1,1,3,1,1,0,0,2,1,0,1,1,5,1,3,3,1,0,1,1,1,0,0,2,0,0,0,0,3,0,0,1,2,2,3,3,1,1,0,0,0,0,0,0,0,0,1,3,1,0,2,2,0,0,0,0,0,1,0,3,2,1,2
ORF6_DQ084199,1,1,3,1,1,0,0,2,1,0,1,1,5,1,3,3,1,0,1,1,1,0,0,2,0,0,0,0,3,0,0,1,2,2,3,3,1,1,0,0,0,0,0,0,0,0,1,3,1,0,2,2,0,0,0,0,0,1,0,3,2,1,2
ORF6_KF294457,2,1,3,0,1,0,0,2,1,0,1,1,5,1,3,3,1,0,1,1,1,0,0,2,0,0,0,0,3,0,0,1,2,2,3,3,1,1,0,0,0,0,0,0,0,0,1,3,1,0,2,2,0,0,0,0,0,1,0,3,2,1,2
ORF6_JX993987,1,1,4,0,1,0,0,2,1,0,1,1,5,1,3,3,1,0,1,1,1,0,0,2,0,0,0,0,2,0,0,2,2,2,3,3,1,1,0,0,0,0,0,0,0,0,1,3,1,0,2,2,0,0,0,0,0,1,0,3,2,1,2
ORF6_GQ153543,1,1,4,0,1,0,0,2,1,0,1,1,5,1,3,3,1,0,1,1,1,0,0,2,0,0,0,0,3,0,0,1,2,2,3,3,1,1,0,0,0,0,0,0,0,0,1,3,1,0,2,1,0,1,0,0,0,1,0,3,1,1,3
ORF6_GQ153542,1,1,4,0,1,0,0,2,1,0,1,1,5,1,3,3,1,0,1,1,1,0,0,2,0,0,0,0,3,0,0,1,2,2,3,3,1,1,0,0,0,0,0,0,0,0,1,3,1,0,2,1,0,1,0,0,0,1,0,3,1,1,3
ORF6_DQ071615,1,1,4,0,1,0,0,2,1,0,1,1,5,1,3,3,1,0,1,1,1,0,0,2,0,0,0,0,2,0,0,2,2,1,3,4,1,1,0,0,0,0,0,0,0,0,1,3,1,0,2,2,0,0,0,0,0,1,0,3,2,1,2
ORF6_KJ473814,1,1,4,0,1,0,0,2,1,0,1,1,5,1,3,3,1,0,1,1,1,0,0,2,0,0,0,0,2,0,0,2,2,2,3,3,1,1,0,0,0,0,0,0,0,0,1,3,1,1,1,1,0,0,1,0,0,1,0,3,2,1,2
ORF6_DQ648857,1,1,4,0,1,0,0,2,1,0,1,1,5,1,3,3,1,0,1,1,1,0,0,2,0,0,0,0,2,0,0,2,2,2,3,3,1,1,0,0,0,0,0,0,0,0,1,3,1,1,1,1,0,0,1,0,0,1,0,3,2,1,2
ORF6_DQ412043,1,1,4,0,1,0,0,2,1,0,1,1,5,1,3,3,1,0,1,1,1,0,0,2,0,0,0,0,2,0,0,2,2,2,3,3,1,1,0,0,0,0,0,0,0,0,1,3,1,1,1,1,0,0,1,0,0,1,0,3,2,1,2
ORF6_KJ473815,0,1,3,1,1,0,0,2,1,0,2,1,5,1,3,4,1,0,1,1,1,0,0,2,0,0,0,0,2,0,0,1,2,1,3,4,1,1,0,0,0,0,0,0,0,0,2,2,1,0,2,2,0,0,0,0,0,1,0,3,2,1,2
ORF6_KY417148,0,0,3,2,1,0,0,2,1,0,2,1,7,1,3,3,1,0,1,1,1,0,0,2,0,0,0,0,1,0,0,2,2,1,3,4,1,1,0,0,0,0,0,0,0,0,1,2,1,0,2,1,0,0,1,0,0,1,0,3,2,1,2
ORF6_MK211377,0,0,3,2,1,0,0,2,1,0,2,1,6,1,4,3,1,0,1,1,1,0,0,2,0,0,0,0,1,0,0,2,2,1,3,4,1,1,0,0,0,0,0,0,0,0,1,2,1,0,2,1,0,0,1,0,0,1,0,3,2,1,2
ORF6_KY417152,0,0,3,2,1,0,0,2,1,0,2,1,6,1,4,3,1,0,1,1,1,0,0,2,0,0,0,0,1,0,0,2,2,1,3,4,1,1,0,0,0,0,0,0,0,0,1,2,1,0,2,1,0,0,1,0,0,1,0,3,2,1,2
ORF6_KY417145,0,0,3,2,1,0,0,2,1,0,2,1,6,1,4,3,1,0,1,1,1,0,0,2,0,0,0,0,1,0,0,2,2,1,3,4,1,1,0,0,0,0,0,0,0,0,1,2,1,0,2,1,0,0,1,0,0,1,0,3,2,1,2
ORF6_KU973692,0,0,3,2,1,0,0,2,1,0,2,1,4,1,3,4,1,0,1,1,1,0,0,2,0,0,0,0,1,0,0,2,2,1,3,4,1,1,0,0,0,0,0,0,1,0,1,2,1,0,1,1,0,0,1,0,0,1,1,4,2,1,2
ORF6_KC881006,1,0,3,1,1,0,0,2,1,0,2,1,5,1,4,4,1,0,1,1,1,0,0,2,0,0,0,0,1,0,0,2,2,2,3,3,1,0,0,1,0,0,0,0,0,0,1,2,1,0,2,1,0,0,1,0,0,1,0,3,2,1,2
ORF6_MK211375,1,0,3,1,1,0,0,2,1,0,2,1,5,1,3,4,1,0,1,1,1,0,0,2,0,0,0,0,1,0,0,2,2,1,3,4,1,1,0,0,0,0,0,0,0,0,2,2,1,0,2,1,0,0,1,0,0,1,0,3,2,1,2
ORF6_KY770859,1,0,3,1,1,0,0,2,1,0,2,1,5,1,3,4,1,0,1,1,1,0,0,2,0,0,0,0,1,0,0,2,2,1,3,4,1,1,0,0,0,0,0,0,0,0,1,2,1,0,2,1,0,0,1,0,0,1,0,3,2,2,2
ORF6_KY770858,1,0,3,1,1,0,0,2,1,0,2,1,5,1,3,4,1,0,1,1,1,0,0,2,0,0,0,0,1,0,0,2,2,1,3,4,1,1,0,0,0,0,0,0,0,0,1,2,1,0,2,1,0,0,1,0,0,1,0,3,2,2,2
ORF6_KY417149,1,0,3,1,1,0,0,2,1,0,2,1,5,1,3,4,1,0,1,1,1,0,0,2,0,0,0,0,1,0,0,2,2,1,3,4,1,1,0,0,0,0,0,0,0,0,2,2,1,0,2,1,0,0,1,0,0,1,0,3,2,1,2
ORF6_KY417146,0,0,3,2,1,0,0,2,1,0,2,1,6,1,4,3,1,0,1,1,1,0,0,3,0,0,0,0,1,0,0,2,2,1,3,4,1,1,0,0,0,0,0,0,0,0,1,2,1,0,2,1,0,0,0,0,0,1,0,3,2,1,2
ORF6_KY417144,0,0,3,2,1,1,0,2,1,0,2,1,6,1,4,3,1,0,1,1,1,0,0,2,0,0,0,0,1,0,0,2,2,1,3,4,1,0,0,0,0,0,0,0,0,0,1,2,1,0,2,1,0,0,1,0,0,1,0,3,2,1,2
ORF6_KY417143,1,0,3,1,1,0,0,2,1,0,2,1,5,1,3,4,1,0,1,1,1,0,0,2,0,0,0,0,1,0,0,2,2,1,3,4,1,1,0,0,0,0,0,0,0,0,2,2,1,0,2,1,0,0,1,0,0,1,0,3,2,1,2
ORF6_KY417142,1,0,3,1,1,0,0,2,1,0,2,1,5,1,3,4,1,0,1,1,1,0,0,2,0,0,0,0,1,0,0,2,2,1,3,4,1,1,0,0,0,0,0,0,0,0,2,2,1,0,2,1,0,0,1,0,0,1,0,3,2,1,2
ORF6_KC881005,1,0,3,1,1,0,0,2,1,0,2,1,5,1,4,4,1,0,1,1,1,0,0,2,0,0,0,0,1,0,0,2,2,1,3,4,1,0,0,1,0,0,0,0,0,0,1,2,1,0,2,1,0,0,1,0,0,1,0,3,2,1,2
ORF6_JX993988,0,0,3,2,1,0,0,2,1,0,2,1,5,2,3,4,1,0,1,1,1,0,0,2,0,0,0,0,2,0,0,1,2,1,3,4,1,1,0,0,0,0,0,0,1,0,1,2,1,0,2,1,0,0,1,0,0,1,0,2,2,1,2
ORF6_FJ588686,1,0,3,1,1,0,0,2,1,0,2,1,5,1,3,4,1,0,1,1,1,0,0,2,0,0,0,0,1,0,0,2,2,1,3,4,1,1,0,0,0,0,0,0,0,0,2,2,1,0,2,1,0,0,1,0,0,1,0,3,2,1,2
ORF6_KJ473813,1,0,3,1,1,0,0,2,1,0,2,1,4,1,3,4,1,0,2,1,1,0,0,3,0,0,0,0,2,1,0,1,2,1,2,4,1,1,0,0,0,0,0,0,1,0,1,2,1,0,2,1,0,0,0,0,0,1,0,3,1,1,3
ORF6_KJ473812,1,0,3,1,1,0,0,2,1,0,2,1,4,1,3,4,1,0,2,1,1,0,0,3,0,0,0,0,2,1,0,1,2,1,2,4,1,1,0,0,0,0,0,0,1,0,1,2,1,0,2,1,0,0,0,0,0,1,0,3,1,1,3
ORF6_KY417147,1,0,3,1,1,0,0,2,1,0,2,1,6,1,3,3,1,0,1,1,1,0,0,2,0,0,0,0,1,0,0,2,2,1,3,4,1,1,0,0,0,0,0,0,0,0,2,2,1,0,2,1,0,0,1,0,0,1,0,3,2,1,2
ORF6_DQ648856,1,0,3,1,1,0,0,2,1,0,2,1,4,1,3,4,1,0,2,1,1,0,0,3,0,0,0,0,2,1,0,1,2,1,2,4,1,1,0,0,0,0,0,0,1,0,1,2,1,0,2,1,0,0,0,0,0,1,0,3,1,1,3
ORF6_DQ412042,1,0,3,1,1,0,0,2,1,0,2,1,4,1,3,4,1,0,2,1,1,0,0,3,0,0,0,0,2,1,0,1,2,1,2,4,1,1,0,0,0,0,0,0,1,0,1,2,1,0,2,1,0,0,0,0,0,1,0,3,1,1,3
ORF6_KY417150,1,0,2,2,1,0,0,2,1,0,2,1,6,1,4,4,1,0,1,1,0,0,0,3,0,0,0,0,1,0,0,2,2,2,3,3,1,0,0,1,0,0,0,0,0,0,1,2,0,0,2,2,0,0,0,1,0,1,0,2,2,1,2
ORF6_KF367457,1,0,2,2,1,0,0,2,1,0,2,1,6,1,4,4,1,0,1,1,0,0,0,3,0,0,0,0,1,0,0,2,2,2,3,3,1,0,0,1,0,0,0,0,0,0,1,2,0,0,2,2,0,0,0,1,0,1,0,2,2,1,2
ORF6_KF569996,0,0,4,2,1,0,0,2,1,0,1,1,5,1,3,5,1,0,1,1,0,1,0,2,0,0,0,0,2,0,0,1,3,1,3,3,1,1,0,0,0,0,0,0,1,0,1,2,1,0,2,2,0,0,0,0,0,1,0,2,2,1,2
ORF6_KY938558,1,0,3,1,1,0,0,2,1,0,2,1,3,1,4,4,1,0,2,1,1,0,0,3,0,0,0,0,2,1,0,1,2,1,2,4,1,1,0,0,0,0,0,0,1,0,1,2,1,0,2,1,0,0,0,0,0,1,0,3,1,1,3
ORF6_KP886809,1,0,3,1,3,0,0,2,1,0,1,1,5,1,4,3,1,0,1,1,1,0,0,2,0,0,0,0,1,0,0,2,1,1,3,4,1,1,0,0,0,0,0,0,1,0,1,3,1,0,2,2,0,0,0,0,0,1,0,2,2,1,2
ORF6_KT444582,1,1,2,2,1,0,0,2,1,0,2,1,6,1,4,4,1,0,1,1,0,0,0,3,0,0,0,0,1,0,0,2,2,1,3,3,1,0,0,1,0,0,0,0,0,0,1,2,0,0,2,2,0,0,0,1,0,1,0,2,2,1,2
ORF6_MK211378,1,0,2,2,1,0,0,2,1,0,2,1,6,1,4,4,0,0,2,1,0,0,0,3,0,0,0,0,1,0,0,2,2,2,3,3,1,0,0,1,0,0,0,0,0,0,1,2,0,0,2,2,0,0,0,1,0,1,0,2,2,1,2
ORF6_MK211376,1,0,2,2,1,0,0,2,1,0,2,1,6,1,4,4,0,0,2,1,0,0,0,3,0,0,0,0,1,0,0,2,2,2,3,3,1,0,0,1,0,0,0,0,0,0,1,2,0,0,2,2,0,0,0,1,0,1,0,2,2,1,2
ORF6_KY417151,1,0,2,2,1,0,0,2,1,0,2,1,6,1,4,4,1,0,1,1,0,0,0,3,0,0,0,0,1,0,0,2,2,2,3,3,1,0,0,1,0,0,0,0,0,0,1,2,0,0,2,2,0,0,0,1,0,1,0,2,3,1,1
ORF6_KY770860,1,0,3,1,1,0,0,2,1,0,2,1,4,1,3,4,1,0,2,1,0,0,0,3,0,0,0,0,2,1,0,2,2,1,2,4,1,1,0,0,0,0,0,0,1,0,1,2,1,0,2,1,0,0,0,0,0,1,0,3,1,1,3
ORF6_KU182964,1,0,3,1,1,0,0,2,1,0,2,1,3,1,4,4,1,0,2,1,1,0,0,3,0,0,0,0,2,1,0,1,2,1,2,4,1,1,0,0,0,0,0,0,1,0,1,2,1,0,2,1,0,0,0,0,0,0,0,3,1,2,3
ORF6_KJ473811,1,0,3,0,1,0,0,2,1,0,2,1,3,1,4,4,1,0,2,1,1,0,0,3,0,0,0,0,2,1,0,1,2,1,2,5,1,1,0,0,0,0,0,0,1,0,1,2,1,0,2,2,0,0,0,0,0,0,0,2,1,2,3
ORF6_MK211374,0,0,1,2,2,0,0,1,0,0,2,1,2,1,2,6,0,0,1,1,0,0,0,0,0,0,0,0,0,0,0,2,0,1,2,2,1,1,0,0,0,0,0,0,0,0,0,2,1,0,0,0,0,0,0,0,0,1,0,0,3,1,1
ORF6_MT072864,2,1,2,3,0,0,0,3,1,0,0,0,3,1,3,8,1,0,2,1,1,0,0,1,0,0,0,0,0,2,0,2,2,2,3,2,1,0,0,0,0,0,0,0,0,0,0,2,1,1,1,0,1,0,2,0,0,1,0,3,1,0,2
ORF6_MT040336,2,1,2,3,0,0,0,3,1,0,0,0,3,1,3,8,1,0,2,1,1,0,0,1,0,0,0,0,0,2,0,2,2,2,3,2,1,0,0,0,0,0,0,0,0,0,0,2,1,1,1,0,1,0,2,0,0,1,0,3,1,0,2
ORF6_MT040335,2,1,2,3,0,0,0,3,1,0,0,0,3,1,3,8,1,0,2,1,1,0,0,1,0,0,0,0,0,2,0,2,2,2,3,2,1,0,0,0,0,0,0,0,0,0,0,2,1,1,1,0,1,0,2,0,0,1,0,3,1,0,2
ORF6_MT040334,2,1,2,3,0,0,0,3,1,0,0,0,3,1,3,8,1,0,2,1,1,0,0,1,0,0,0,0,0,2,0,2,2,2,3,2,1,0,0,0,0,0,0,0,0,0,0,2,1,1,1,0,1,0,2,0,0,1,0,3,1,0,2
ORF6_MT040333,2,1,2,3,0,0,0,3,1,0,0,0,3,1,3,8,1,0,2,1,1,0,0,1,0,0,0,0,0,2,0,2,2,2,3,2,1,0,0,0,0,0,0,0,0,0,0,2,1,1,1,0,1,0,2,0,0,1,0,3,1,0,2
ORF6_WUHANREF,3,1,1,3,0,0,0,3,0,0,1,0,4,1,3,5,2,0,1,1,1,0,0,0,0,0,0,0,2,2,0,1,1,1,4,3,1,0,0,0,0,0,0,0,0,0,0,3,1,1,1,1,1,0,2,0,0,1,0,3,0,0,3
ORF6_MG772934,2,1,1,4,0,0,0,3,0,0,1,0,4,1,3,5,2,0,1,1,2,0,0,1,0,0,0,0,1,2,0,1,1,1,4,3,1,0,0,0,0,0,0,0,0,0,0,3,1,0,1,0,1,0,2,0,0,1,1,3,0,0,3
ORF6_MG772933,2,1,1,4,0,0,0,3,0,0,1,0,4,1,3,5,2,0,1,1,2,0,0,1,0,0,0,0,1,2,0,1,1,1,4,3,1,0,0,0,0,0,0,0,0,0,0,3,1,0,1,0,1,0,2,0,0,1,1,3,0,0,3
ORF6_MN996532,3,2,1,2,0,0,0,3,0,0,1,0,4,1,3,5,2,0,1,1,1,0,0,0,0,0,0,0,2,1,0,2,1,1,4,3,1,0,0,0,0,0,0,0,0,0,0,3,1,1,1,1,1,0,2,0,0,1,0,3,1,0,2
ORF6_MT084071.1,3,0,1,3,0,0,0,3,1,0,0,1,3,1,3,5,1,0,2,1,2,0,0,0,0,0,0,0,1,2,0,1,2,2,3,2,0,0,0,0,0,0,0,0,0,0,0,3,1,1,1,0,1,0,2,0,0,0,0,4,0,0,3

